--
-- Script was generated by Devart dbForge Studio for MySQL, Version 8.0.40.0
-- Product home page: http://www.devart.com/dbforge/mysql/studio
-- Script date 30-12-2019 04:27:52 PM
-- Server version: 5.6.45-log
-- Client version: 4.1
--

-- 
-- Disable foreign keys
-- 
/*!40014 SET @OLD_FOREIGN_KEY_CHECKS=@@FOREIGN_KEY_CHECKS, FOREIGN_KEY_CHECKS=0 */;

-- 
-- Set SQL mode
-- 
/*!40101 SET @OLD_SQL_MODE=@@SQL_MODE, SQL_MODE='NO_AUTO_VALUE_ON_ZERO' */;

-- 
-- Set character set the client will use to send SQL statements to the server
--
SET NAMES 'utf8';

--
-- Set default database
--
USE easytravels;

--
-- Drop table `package_iternary`
--
DROP TABLE IF EXISTS package_iternary;

--
-- Drop table `employee_role_mapping`
--
DROP TABLE IF EXISTS employee_role_mapping;

--
-- Drop table `enquiry`
--
DROP TABLE IF EXISTS enquiry;

--
-- Drop table `package`
--
DROP TABLE IF EXISTS package;

--
-- Drop table `employee`
--
DROP TABLE IF EXISTS employee;

--
-- Drop table `employee_role`
--
DROP TABLE IF EXISTS employee_role;

--
-- Drop table `customer`
--
DROP TABLE IF EXISTS customer;

--
-- Set default database
--
USE easytravels;

--
-- Create table `customer`
--
CREATE TABLE customer (
  customer_id varchar(40) NOT NULL,
  name varchar(50) NOT NULL,
  username varchar(20) NOT NULL,
  password varchar(20) NOT NULL,
  email varchar(50) NOT NULL,
  contact_no varchar(15) NOT NULL,
  session_id varchar(40) DEFAULT NULL,
  created_on datetime NOT NULL DEFAULT CURRENT_TIMESTAMP,
  PRIMARY KEY (customer_id)
)
ENGINE = INNODB,
CHARACTER SET utf8,
COLLATE utf8_general_ci;

--
-- Create table `employee_role`
--
CREATE TABLE employee_role (
  role_id int(11) NOT NULL,
  role_name varchar(30) NOT NULL,
  PRIMARY KEY (role_id)
)
ENGINE = INNODB,
AVG_ROW_LENGTH = 3276,
CHARACTER SET utf8,
COLLATE utf8_general_ci;

--
-- Create table `employee`
--
CREATE TABLE employee (
  employee_id varchar(40) NOT NULL,
  name varchar(50) NOT NULL,
  username varchar(20) NOT NULL,
  password varchar(20) NOT NULL,
  email varchar(50) NOT NULL,
  contact_no varchar(15) NOT NULL,
  session_id varchar(40) DEFAULT NULL,
  created_on datetime NOT NULL DEFAULT CURRENT_TIMESTAMP,
  PRIMARY KEY (employee_id)
)
ENGINE = INNODB,
CHARACTER SET utf8,
COLLATE utf8_general_ci;

--
-- Create table `package`
--
CREATE TABLE package (
  package_id varchar(40) NOT NULL,
  employee_id varchar(40) NOT NULL,
  package_display_name varchar(100) NOT NULL,
  unique_url_name varchar(50) NOT NULL,
  days int(11) NOT NULL,
  night int(11) NOT NULL,
  charges varchar(30) NOT NULL,
  country varchar(30) NOT NULL,
  city varchar(30) NOT NULL,
  valid datetime NOT NULL,
  created_on datetime NOT NULL DEFAULT CURRENT_TIMESTAMP,
  PRIMARY KEY (package_id)
)
ENGINE = INNODB,
AVG_ROW_LENGTH = 8192,
CHARACTER SET utf8,
COLLATE utf8_general_ci;

--
-- Create index `country` on table `package`
--
ALTER TABLE package
ADD FULLTEXT INDEX country (country, city, package_display_name, unique_url_name);

--
-- Create index `unique_url_name` on table `package`
--
ALTER TABLE package
ADD UNIQUE INDEX unique_url_name (unique_url_name);

--
-- Create foreign key
--
ALTER TABLE package
ADD CONSTRAINT employee_id_fk FOREIGN KEY (employee_id)
REFERENCES employee (employee_id);

--
-- Create table `enquiry`
--
CREATE TABLE enquiry (
  enquiry_id varchar(40) NOT NULL,
  employee_id varchar(40) NOT NULL,
  customer_id varchar(40) NOT NULL,
  enquiry_detail text NOT NULL,
  enquiry_type varchar(20) NOT NULL,
  required_days int(11) DEFAULT NULL,
  required_nights int(11) DEFAULT NULL,
  required_country varchar(50) DEFAULT NULL,
  created_on datetime NOT NULL DEFAULT CURRENT_TIMESTAMP,
  PRIMARY KEY (enquiry_id)
)
ENGINE = INNODB,
CHARACTER SET utf8,
COLLATE utf8_general_ci;

--
-- Create foreign key
--
ALTER TABLE enquiry
ADD CONSTRAINT customer_id_fk FOREIGN KEY (customer_id)
REFERENCES customer (customer_id);

--
-- Create foreign key
--
ALTER TABLE enquiry
ADD CONSTRAINT employee_id_fk1 FOREIGN KEY (employee_id)
REFERENCES employee (employee_id);

--
-- Create table `employee_role_mapping`
--
CREATE TABLE employee_role_mapping (
  mapping_id varchar(40) NOT NULL,
  employee_id varchar(40) NOT NULL,
  role_id int(11) NOT NULL,
  created_on datetime DEFAULT NULL,
  PRIMARY KEY (mapping_id)
)
ENGINE = INNODB,
AVG_ROW_LENGTH = 8192,
CHARACTER SET utf8,
COLLATE utf8_general_ci;

--
-- Create foreign key
--
ALTER TABLE employee_role_mapping
ADD CONSTRAINT employee_id_fk2 FOREIGN KEY (employee_id)
REFERENCES employee (employee_id);

--
-- Create foreign key
--
ALTER TABLE employee_role_mapping
ADD CONSTRAINT role_id_fk FOREIGN KEY (role_id)
REFERENCES employee_role (role_id);

--
-- Create table `package_iternary`
--
CREATE TABLE package_iternary (
  iternary_id varchar(40) NOT NULL,
  package_id varchar(40) NOT NULL,
  day_number int(11) NOT NULL,
  day_date date DEFAULT NULL,
  created_on timestamp NULL DEFAULT CURRENT_TIMESTAMP,
  day_details text DEFAULT NULL,
  PRIMARY KEY (iternary_id)
)
ENGINE = INNODB,
AVG_ROW_LENGTH = 3276,
CHARACTER SET utf8,
COLLATE utf8_general_ci;

-- 
-- Dumping data for table customer
--
INSERT INTO customer VALUES
('647b7637-a0b4-4ea7-b2fe-c26305a3c18b', 'Sagar Howal', 'sagar@123', '1', 'sagar@123', 'ashas aois as', '16342421-c6a4-4742-804b-ec1ab5c382b2', '2019-12-29 16:47:57');

-- 
-- Dumping data for table employee_role
--
INSERT INTO employee_role VALUES
(1, 'HR'),
(2, 'OPERATION'),
(3, 'ADMIN'),
(4, 'SALES'),
(5, 'OPERATION HEAD');

-- 
-- Dumping data for table employee
--
INSERT INTO employee VALUES
('02b10ba6-4853-4442-b5a3-5697367fd122', 'Pratik Yadav', 'psy_1234', 'ydava@pratik', 'ypyadav@gmail.com', '9898956556', '8b6f5295-4b07-4a63-94b2-fe4f437e8c9a', '2019-12-17 14:10:53'),
('0776e192-9d06-4a80-a1b6-e0047df0b3ec', 'vineet', '64654', '54654', '1@gmail.com', '54654', NULL, '2019-12-30 02:18:48'),
('75645640-f300-465c-99ba-53094a5a8351', 'Sachin TEndulkar', 'sachin_achin', 'mastr_blaster', 's@t.com', '6546465454', '65a3b737-3f72-4dcd-ab77-b0a0553e6628', '2019-12-29 16:29:52'),
('f8bc75b0-7b89-4a56-942e-139426b77483', 'Saurabh Devade', 'saurabh_123', 'pass@123', 'saurabh.devade21@gmail.com', '897646767', '3e545324-53df-4854-8b78-c3e513896576', '2019-12-09 20:44:02');

-- 
-- Dumping data for table package_iternary
--
INSERT INTO package_iternary VALUES
('329ecdc8-b39b-4681-9f25-07e779e30b83', '1bcf24e4-931f-4f65-8a35-f5736bafac90', 2, '2018-05-10', '2019-12-28 21:03:03', 'sudh shdgs dhsudg sjkdh skujdhsku dhsukdh sukjdh suk dh sud hsudh suidh usi dh'),
('3d310c78-7897-4516-a691-3004bfa7342b', 'accf512c-ef07-4ed6-a21a-dcf30adca139', 3, '2018-05-10', '2019-12-28 22:28:24', 'sudh shdgs dhsudg sjkdh skujdhsku dhsukdh sukjdh suk dh sud hsudh suidh usi dh'),
('56a4cd99-b88c-4863-84a4-82b1fb03bb36', '1bcf24e4-931f-4f65-8a35-f5736bafac90', 1, '2018-05-10', '2019-12-28 20:58:46', 'sudh shdgs dhsudg sjkdh skujdhsku dhsukdh sukjdh suk dh sud hsudh suidh usi dh'),
('9f2ee5d9-9db6-4850-bf20-15f37a90bb48', '1bcf24e4-931f-4f65-8a35-f5736bafac90', 3, '2018-05-10', '2019-12-28 20:58:46', 'sudh shdgs dhsudg sjkdh skujdhsku dhsukdh sukjdh suk dh sud hsudh suidh usi dh'),
('c983971c-8d3c-4e04-91cb-7346767fbddd', 'accf512c-ef07-4ed6-a21a-dcf30adca139', 1, '2018-05-10', '2019-12-28 22:28:24', 'sudh shdgs dhsudg sjkdh skujdhsku dhsukdh sukjdh suk dh sud hsudh suidh usi dh'),
('e205ae7f-95da-402c-a028-531341c46af7', 'accf512c-ef07-4ed6-a21a-dcf30adca139', 2, '2018-05-10', '2019-12-28 22:28:24', 'sudh shdgs dhsudg sjkdh skujdhsku dhsukdh sukjdh suk dh sud hsudh suidh usi dh');

-- 
-- Dumping data for table package
--
INSERT INTO package VALUES
('1bcf24e4-931f-4f65-8a35-f5736bafac90', '02b10ba6-4853-4442-b5a3-5697367fd122', 'asasas', 'sasas', 5, 4, 'sasas', 'asasas', 'sasas', '2018-05-10 00:00:00', '2019-12-28 18:25:29'),
('accf512c-ef07-4ed6-a21a-dcf30adca139', '02b10ba6-4853-4442-b5a3-5697367fd122', 'asasas', 'sasasasassas', 5, 4, 'sasas', 'asasas', 'sasas', '2018-05-10 00:00:00', '2019-12-28 22:28:06');

-- 
-- Dumping data for table enquiry
--
INSERT INTO enquiry VALUES
('07be034d-bb8a-436a-b204-36867ef74eec', '75645640-f300-465c-99ba-53094a5a8351', '647b7637-a0b4-4ea7-b2fe-c26305a3c18b', 'jhash akjsha isjals hakjsjab sa sasjhasa nsa sasih asash ash asa sadb dvdcbx yudcp vbdhjcgs7dcg sdndxkxc hco 8i dul c dxc', 'INTERNATIONAL', 5, 4, 'Maldives', '2019-12-29 16:59:01');

-- 
-- Dumping data for table employee_role_mapping
--
INSERT INTO employee_role_mapping VALUES
('507539d4-ca45-4033-b8a7-2fed426e634d', 'f8bc75b0-7b89-4a56-942e-139426b77483', 3, NULL),
('cfc55425-b5d1-42a5-a4d7-06c849a63179', '0776e192-9d06-4a80-a1b6-e0047df0b3ec', 4, NULL),
('f02e4f99-801c-4211-ac38-4a58fba7bd23', '02b10ba6-4853-4442-b5a3-5697367fd122', 2, NULL),
('ff51f4e8-621b-4532-a5bf-c01eeb545da9', '75645640-f300-465c-99ba-53094a5a8351', 4, NULL);

-- 
-- Restore previous SQL mode
-- 
/*!40101 SET SQL_MODE=@OLD_SQL_MODE */;

-- 
-- Enable foreign keys
-- 
/*!40014 SET FOREIGN_KEY_CHECKS = @OLD_FOREIGN_KEY_CHECKS */;